{
    "test":{
        "Show plot?": true, 
        "beta": 0.6, 
        "gamma": 0.3, 
        "Lockdown?": false, 
        "L_start": 10, 
        "L_duration": 48, 
        "L_redRate": 0.5,
        "P_Type?": "Homogen",
        "P_H_var": 0.05

    },
    "test2":{
        "Show plot?": true, 
        "beta": 0.5, 
        "gamma": 0.25, 
        "Lockdown?": true, 
        "L_start": 15, 
        "L_duration": 60, 
        "L_redRate": 0.5,
        "P_Type?": "Homogen",
        "P_H_var": 0.05
    },
    "test3":{
        "Show plot?": true, 
        "beta": 0.5, 
        "gamma": 0.25, 
        "Lockdown?": true, 
        "L_start": 15, 
        "L_duration": 35, 
        "L_redRate": 0.45,
        "P_Type?": "Homogen",
        "P_H_var": 0.05
    },
    "covid":{
        "Show plot?": true, 
        "beta": 0.6, 
        "gamma": 0.2, 
        "Lockdown?": false, 
        "L_start": 10, 
        "L_duration": 60, 
        "L_redRate": 0.45,
        "P_Type?": "Homogen",
        "P_H_var": 0.05
    },
    "ebola":{
        "Show plot?": true, 
        "beta": 0.2, 
        "gamma": 0.1, 
        "Lockdown?": false, 
        "L_start": 10, 
        "L_duration": 48, 
        "L_redRate": 0.5,
        "P_Type?": "Homogen",
        "P_H_var": 0.05
    },
    "measles":{
        "Show plot?": true, 
        "beta": 1.0, 
        "gamma": 0.2, 
        "Lockdown?": false, 
        "L_start": 10, 
        "L_duration": 48, 
        "L_redRate": 0.5,
        "P_Type?": "Homogen",
        "P_H_var": 0.05
    },
    "polio":{
        "Show plot?": true, 
        "beta": 0.3, 
        "gamma": 0.05, 
        "Lockdown?": false, 
        "L_start": 10, 
        "L_duration": 48, 
        "L_redRate": 0.5,
        "P_Type?": "Homogen",
        "P_H_var": 0.05
    }
}